Label,File,Mean Offset (µs),Max Absolute Offset (µs),RMS of Offset (µs),Std Dev of Offset (µs),Data Points
a0_b0,timeError_a0_b0_20250222_105437.log,-44.488,101.865,46.437,13.310,7100
a2_b0,timeError_a2_b0_20250222_225514.log,-39.963,376.641,65.645,52.083,7163
a1_b0,timeError_a1_b0_20250222_165456.log,-50.002,226.583,74.546,55.294,7120
a1_b1,timeError_a1_b1_20250222_185502.log,-103.129,181.932,108.314,33.113,6883
a2_b2,timeError_a2_b2_20250223_025527.log,-111.512,557.986,122.149,49.859,7163
a2_b1,timeError_a2_b1_20250223_005521.log,-58.010,581.005,182.794,173.357,7145
a1_b2,timeError_a1_b2_20250222_205508.log,-136.059,348.573,187.083,128.414,6993
a0_b1,timeError_a0_b1_20250222_125443.log,185.951,665.347,188.666,31.892,7162
a0_b2,timeError_a0_b2_20250222_145455（未同步锁定）.log,181.857,1432.293,383.433,337.587,7000
